{
  "main": {
    "id": "23d24ca01d0dbc7e",
    "type": "split",
    "children": [
      {
        "id": "28d103fad09ca944",
        "type": "tabs",
        "children": [
          {
            "id": "3de2d0a38cce937d",
            "type": "leaf",
            "state": {
              "type": "markdown",
              "state": {
                "file": "Metodi.md",
                "mode": "source",
                "source": false
              },
              "icon": "lucide-file",
              "title": "Metodi"
            }
          },
          {
            "id": "eac60f4be5b29037",
            "type": "leaf",
            "state": {
              "type": "markdown",
              "state": {
                "file": "Java/Metodi_Array/Array.md",
                "mode": "source",
                "source": false
              },
              "icon": "lucide-file",
              "title": "Array"
            }
          },
          {
            "id": "46225d6ed01e6a2c",
            "type": "leaf",
            "state": {
              "type": "markdown",
              "state": {
                "file": "Java/Array2/Array.md",
                "mode": "source",
                "source": false
              },
              "icon": "lucide-file",
              "title": "Array"
            }
          },
          {
            "id": "d5e6aae81428ae15",
            "type": "leaf",
            "state": {
              "type": "markdown",
              "state": {
                "file": "Java/FILE.md",
                "mode": "source",
                "source": false
              },
              "icon": "lucide-file",
              "title": "FILE"
            }
          }
        ],
        "currentTab": 3
      }
    ],
    "direction": "vertical"
  },
  "left": {
    "id": "33fdbb41d4d146cb",
    "type": "split",
    "children": [
      {
        "id": "392cdf3bbe9b0222",
        "type": "tabs",
        "children": [
          {
            "id": "82c9d22b1a587950",
            "type": "leaf",
            "state": {
              "type": "file-explorer",
              "state": {
                "sortOrder": "alphabetical"
              },
              "icon": "lucide-folder-closed",
              "title": "Files"
            }
          },
          {
            "id": "fd6c39a7bfa0a4f8",
            "type": "leaf",
            "state": {
              "type": "search",
              "state": {
                "query": "",
                "matchingCase": false,
                "explainSearch": false,
                "collapseAll": false,
                "extraContext": false,
                "sortOrder": "alphabetical"
              },
              "icon": "lucide-search",
              "title": "Search"
            }
          },
          {
            "id": "2da6f95a677ec4ab",
            "type": "leaf",
            "state": {
              "type": "bookmarks",
              "state": {},
              "icon": "lucide-bookmark",
              "title": "Bookmarks"
            }
          }
        ]
      }
    ],
    "direction": "horizontal",
    "width": 200
  },
  "right": {
    "id": "b099b803618a7dea",
    "type": "split",
    "children": [
      {
        "id": "b1367a4978421e37",
        "type": "tabs",
        "children": [
          {
            "id": "0e6cd7e1d6c03fd6",
            "type": "leaf",
            "state": {
              "type": "backlink",
              "state": {
                "file": "Java/FILE.md",
                "collapseAll": false,
                "extraContext": false,
                "sortOrder": "alphabetical",
                "showSearch": false,
                "searchQuery": "",
                "backlinkCollapsed": false,
                "unlinkedCollapsed": true
              },
              "icon": "links-coming-in",
              "title": "Backlinks for FILE"
            }
          },
          {
            "id": "068dde0e4602fcf8",
            "type": "leaf",
            "state": {
              "type": "outgoing-link",
              "state": {
                "linksCollapsed": false,
                "unlinkedCollapsed": true
              },
              "icon": "links-going-out",
              "title": "Outgoing links"
            }
          },
          {
            "id": "e6b84206bb6262c8",
            "type": "leaf",
            "state": {
              "type": "tag",
              "state": {
                "sortOrder": "frequency",
                "useHierarchy": true
              },
              "icon": "lucide-tags",
              "title": "Tags"
            }
          },
          {
            "id": "8e3de100e09f458d",
            "type": "leaf",
            "state": {
              "type": "outline",
              "state": {},
              "icon": "lucide-list",
              "title": "Outline"
            }
          }
        ]
      }
    ],
    "direction": "horizontal",
    "width": 200,
    "collapsed": true
  },
  "left-ribbon": {
    "hiddenItems": {
      "switcher:Open quick switcher": false,
      "graph:Open graph view": false,
      "canvas:Create new canvas": false,
      "daily-notes:Open today's daily note": false,
      "templates:Insert template": false,
      "command-palette:Open command palette": false
    }
  },
  "active": "82c9d22b1a587950",
  "lastOpenFiles": [
    "Java/FILE.md",
    "HIGHTECH/WORDS.md",
    "HIGHTECH",
    "Java/Array a più dimensioni.md",
    "Pasted image 20241119105134.png",
    "Pasted image 20241119104327.png",
    "Pasted image 20241119094606.png",
    "Pasted image 20241119094421.png",
    "Pasted image 20241119094059.png",
    "Java/Memoria in Java.md",
    "Java/Array2/Array.md",
    "Java",
    "Java/Pasted image 20241119093040.png",
    "Excel15112024/Ordine dati.md",
    "Java/Array2",
    "Java/Metodi_Array/Metodi.md",
    "Java/Metodi_Array/Array.md",
    "Java/Metodi_Array/Pasted image 20241115114042.png",
    "Excel15112024",
    "Java/Metodi_Array",
    "Java/Metodi_Array/Pasted image 20241115111908.png",
    "Java/Metodi_Array/Pasted image 20241115095707.png",
    "Principio di Pareto.md"
  ]
}