{
  "main": {
    "id": "0af15f08a53a0f6b",
    "type": "split",
    "children": [
      {
        "id": "06292382bcdd97ae",
        "type": "tabs",
        "children": [
          {
            "id": "8cc1f6bad17de25a",
            "type": "leaf",
            "state": {
              "type": "markdown",
              "state": {
                "file": "WEB.md",
                "mode": "source",
                "source": false
              },
              "icon": "lucide-file",
              "title": "WEB"
            }
          }
        ]
      },
      {
        "id": "1d4b656dd98a1ae4",
        "type": "tabs",
        "children": [
          {
            "id": "ae8a532b94fee214",
            "type": "leaf",
            "state": {
              "type": "graph",
              "state": {},
              "icon": "lucide-git-fork",
              "title": "Graph view"
            }
          }
        ]
      }
    ],
    "direction": "vertical"
  },
  "left": {
    "id": "2ab718c00c0597b3",
    "type": "split",
    "children": [
      {
        "id": "1058ef8dc7ebfce3",
        "type": "tabs",
        "children": [
          {
            "id": "09cf1d6cbb706ce6",
            "type": "leaf",
            "state": {
              "type": "file-explorer",
              "state": {
                "sortOrder": "alphabetical"
              },
              "icon": "lucide-folder-closed",
              "title": "Files"
            }
          },
          {
            "id": "971527e90acf7a7d",
            "type": "leaf",
            "state": {
              "type": "search",
              "state": {
                "query": "",
                "matchingCase": false,
                "explainSearch": false,
                "collapseAll": false,
                "extraContext": false,
                "sortOrder": "alphabetical"
              },
              "icon": "lucide-search",
              "title": "Search"
            }
          },
          {
            "id": "fd059f93d3b869db",
            "type": "leaf",
            "state": {
              "type": "bookmarks",
              "state": {},
              "icon": "lucide-bookmark",
              "title": "Bookmarks"
            }
          }
        ]
      }
    ],
    "direction": "horizontal",
    "width": 300
  },
  "right": {
    "id": "68c02a33772e03c7",
    "type": "split",
    "children": [
      {
        "id": "cb0818f96f733e65",
        "type": "tabs",
        "children": [
          {
            "id": "51c1bb3e20a3429a",
            "type": "leaf",
            "state": {
              "type": "backlink",
              "state": {
                "file": "WEB.md",
                "collapseAll": false,
                "extraContext": false,
                "sortOrder": "alphabetical",
                "showSearch": false,
                "searchQuery": "",
                "backlinkCollapsed": false,
                "unlinkedCollapsed": true
              },
              "icon": "links-coming-in",
              "title": "Backlinks for WEB"
            }
          },
          {
            "id": "b694cbe5a169523f",
            "type": "leaf",
            "state": {
              "type": "outgoing-link",
              "state": {
                "file": "WEB.md",
                "linksCollapsed": false,
                "unlinkedCollapsed": true
              },
              "icon": "links-going-out",
              "title": "Outgoing links from WEB"
            }
          },
          {
            "id": "3b3395a599d559a8",
            "type": "leaf",
            "state": {
              "type": "tag",
              "state": {
                "sortOrder": "frequency",
                "useHierarchy": true
              },
              "icon": "lucide-tags",
              "title": "Tags"
            }
          },
          {
            "id": "ea0251e6ffbe1b24",
            "type": "leaf",
            "state": {
              "type": "outline",
              "state": {
                "file": "WEB.md"
              },
              "icon": "lucide-list",
              "title": "Outline of WEB"
            }
          }
        ]
      }
    ],
    "direction": "horizontal",
    "width": 300,
    "collapsed": true
  },
  "left-ribbon": {
    "hiddenItems": {
      "switcher:Open quick switcher": false,
      "graph:Open graph view": false,
      "canvas:Create new canvas": false,
      "daily-notes:Open today's daily note": false,
      "templates:Insert template": false,
      "command-palette:Open command palette": false
    }
  },
  "active": "8cc1f6bad17de25a",
  "lastOpenFiles": [
    "WEB.md"
  ]
}